stock_symbol,open_price,current_price,high_price,low_price,trading_volume,market_trend,date
AAPL,228.39870925768025,227.1201171875,229.09795215651428,225.48192014495527,43556100,Downward,2024-09-24
AAPL,224.6827959331431,226.1212158203125,227.04020291666632,223.77380760174057,42308700,Upward,2024-09-25
AAPL,227.05019905798116,227.26995849609375,228.24887720276465,225.16227678839184,36636700,Upward,2024-09-26
AAPL,228.20893469195548,227.53965759277344,229.26776733886913,227.05020584581527,34026000,Downward,2024-09-27
AAPL,229.78718847660608,232.7439422607422,232.7439422607422,229.39761768078608,54541900,Upward,2024-09-30
AAPL,229.2677705196639,225.96141052246094,229.3976172900359,223.49412373913023,63285000,Downward,2024-10-01
AAPL,225.64175566026316,226.53077697753906,227.12012493395358,222.77491454853467,32880600,Upward,2024-10-02
AAPL,224.8925655126969,225.42198181152344,226.56072831643584,223.0745736591087,34044200,Upward,2024-10-03
AAPL,227.6495326914976,226.55075073242188,227.74942888869526,223.88368688105714,37245100,Downward,2024-10-04
AAPL,224.25327473060864,221.4463653564453,225.44196936055414,221.08676038639473,39505400,Downward,2024-10-07
AAPL,224.05349542674807,225.52188110351562,225.73164177618557,223.0046463373399,31855700,Upward,2024-10-08
AAPL,224.9824739985636,229.28773498535156,229.49751090746852,224.58291968465133,33591100,Upward,2024-10-09
AAPL,227.5296744960524,228.7882843017578,229.24778548023318,226.9203442604764,28183500,Upward,2024-10-10
AAPL,229.04800351672907,227.2999267578125,229.15788323697032,227.09015084025384,31759200,Downward,2024-10-11
AAPL,228.44865815944695,231.04580688476562,231.47532700331138,228.34877720356226,39882100,Upward,2024-10-14
AAPL,233.3532605949055,233.59300231933594,237.22900130875718,232.11461788171079,64751400,Upward,2024-10-15
AAPL,231.34547369396782,231.5252685546875,231.86489123072647,229.5873982094942,34082200,Upward,2024-10-16
AAPL,233.17345903647427,231.89486694335938,233.59301088010824,230.26666863657624,32993800,Downward,2024-10-17
AAPL,235.9204255737285,234.74172973632812,235.9204255737285,233.75281228137578,46431500,Downward,2024-10-18
AAPL,234.19234018879644,236.22010803222656,236.5897117727769,234.19234018879644,36254500,Upward,2024-10-21
AAPL,233.6329632952546,235.60079956054688,235.96040454410334,232.3443876620224,38846600,Upward,2024-10-22
AAPL,233.822752128634,230.5063934326172,234.88158476901867,227.50969037853835,52287000,Downward,2024-10-23
AAPL,229.7272566761152,230.31661987304688,230.56634513279107,228.15898997077215,31109500,Upward,2024-10-24
AAPL,229.4875225740561,231.1556854248047,232.96369380669327,229.3177112321018,38802300,Upward,2024-10-25
AAPL,233.06359498314518,233.14349365234375,234.472033847566,232.29443692443334,36087100,Upward,2024-10-28
AAPL,232.84382710997653,233.41319274902344,234.07247106119948,232.06468555632105,35417200,Upward,2024-10-29
AAPL,232.35435817157438,229.8471221923828,233.21341362628857,229.29772360355057,47070900,Downward,2024-10-30
AAPL,229.08795100904055,225.66172790527344,229.57741798472995,225.1223128313268,64370100,Downward,2024-10-31
AAPL,220.72715344034327,222.66502380371094,225.10234466312102,220.02792579428782,65276700,Upward,2024-11-01
AAPL,220.74713841963055,221.76600646972656,222.54514803369162,219.46854635353304,44944500,Upward,2024-11-04
AAPL,221.5562414690178,223.2044219970703,223.70387248945224,220.896963160989,28111300,Upward,2024-11-05
AAPL,222.36535526416637,222.47523498535156,225.82155947797517,220.94691765378838,54561100,Upward,2024-11-06
AAPL,224.38313701629485,227.22999572753906,227.629565273657,224.32320539488208,42137700,Upward,2024-11-07
AAPL,227.1699981689453,226.9600067138672,228.66000366210938,226.41000366210938,38328800,Downward,2024-11-08
AAPL,225,224.22999572753906,225.6999969482422,221.5,42005600,Downward,2024-11-11
AAPL,224.5500030517578,224.22999572753906,225.58999633789062,223.36000061035156,40398300,Downward,2024-11-12
AAPL,224.00999450683594,225.1199951171875,226.64999389648438,222.75999450683594,48566200,Upward,2024-11-13
AAPL,225.02000427246094,228.22000122070312,228.8699951171875,225,44923900,Upward,2024-11-14
AAPL,226.39999389648438,225,226.9199981689453,224.27000427246094,47923700,Downward,2024-11-15
AAPL,225.25,228.02000427246094,229.74000549316406,225.1699981689453,44686000,Upward,2024-11-18
AAPL,226.97999572753906,228.27999877929688,230.16000366210938,226.66000366210938,36211800,Upward,2024-11-19
AAPL,228.05999755859375,229,229.92999267578125,225.88999938964844,35169600,Upward,2024-11-20
AAPL,228.8800048828125,228.52000427246094,230.16000366210938,225.7100067138672,42108300,Downward,2024-11-21
AAPL,228.05999755859375,229.8699951171875,230.72000122070312,228.05999755859375,38168300,Upward,2024-11-22
AAPL,231.4600067138672,232.8699951171875,233.25,229.74000549316406,90152800,Upward,2024-11-25
AAPL,233.3300018310547,235.05999755859375,235.57000732421875,233.3300018310547,45986200,Upward,2024-11-26
AAPL,234.47000122070312,234.92999267578125,235.69000244140625,233.80999755859375,33498400,Upward,2024-11-27
AAPL,234.80999755859375,237.3300018310547,237.80999755859375,233.97000122070312,28481400,Upward,2024-11-29
AAPL,237.27000427246094,239.58999633789062,240.7899932861328,237.16000366210938,48137100,Upward,2024-12-02
AAPL,239.80999755859375,242.64999389648438,242.75999450683594,238.89999389648438,38861000,Upward,2024-12-03
AAPL,242.8699951171875,243.00999450683594,244.11000061035156,241.25,44383900,Upward,2024-12-04
AAPL,243.99000549316406,243.0399932861328,244.5399932861328,242.1300048828125,40033900,Downward,2024-12-05
AAPL,242.91000366210938,242.83999633789062,244.6300048828125,242.0800018310547,36870600,Downward,2024-12-06
AAPL,241.8300018310547,246.75,247.24000549316406,241.75,44649200,Upward,2024-12-09
AAPL,246.88999938964844,247.77000427246094,248.2100067138672,245.33999633789062,36914800,Upward,2024-12-10
AAPL,247.9600067138672,246.49000549316406,250.8000030517578,246.25999450683594,45205800,Downward,2024-12-11
AAPL,246.88999938964844,247.9600067138672,248.74000549316406,245.67999267578125,32777500,Upward,2024-12-12
AAPL,247.82000732421875,248.1300048828125,249.2899932861328,246.24000549316406,33155300,Upward,2024-12-13
AAPL,247.99000549316406,251.0399932861328,251.3800048828125,247.64999389648438,51694800,Upward,2024-12-16
AAPL,250.0800018310547,253.47999572753906,253.8300018310547,249.77999877929688,51321700,Upward,2024-12-17
GOOGL,162.84336059885683,162.1042022705078,163.03314552379246,160.50604310941137,23332100,Downward,2024-09-24
GOOGL,161.28514863352729,161.3051300048828,162.62361092925534,161.11534508030692,18869200,Upward,2024-09-25
GOOGL,163.4526630547652,162.543701171875,163.89216177797897,162.0942193836139,20319300,Downward,2024-09-26
GOOGL,162.6236194767887,163.76231384277344,165.51031051590132,162.44383284910126,21101300,Upward,2024-09-27
GOOGL,163.1330385549028,165.66014099121094,165.9597853581085,163.0730944402025,20413900,Upward,2024-09-30
GOOGL,167.49803900926474,166.79884338378906,168.9663574434244,164.39159857770997,28338100,Downward,2024-10-01
GOOGL,166.22949200998104,165.67013549804688,167.32823890222443,164.54142416704428,17760200,Downward,2024-10-02
GOOGL,164.22179840650557,165.67013549804688,166.4492413884297,163.73235383790225,15073100,Upward,2024-10-03
GOOGL,167.8676144263969,166.86875915527344,168.03741799352926,165.29056599793975,19047400,Downward,2024-10-04
GOOGL,167.52800594767675,162.79342651367188,168.2871304607625,162.56369407072728,22463100,Downward,2024-10-07
GOOGL,163.75233474045888,164.19183349609375,164.54142369438745,162.68355229004484,23072700,Upward,2024-10-08
GOOGL,163.26288934163853,161.67471313476562,164.65129754460094,159.5571448589351,31181800,Downward,2024-10-09
GOOGL,160.6858334406201,161.8944549560547,162.88332710504665,160.21637027061266,14144100,Upward,2024-10-10
GOOGL,161.94440120303656,163.05313110351562,163.7123639633056,161.05542066959453,15344300,Upward,2024-10-11
GOOGL,163.45266773305087,164.7711639404297,166.03969909717978,163.21293699316715,19016100,Upward,2024-10-14
GOOGL,165.6002081913426,165.27059936523438,167.48804403838992,164.44154766375664,20247200,Downward,2024-10-15
GOOGL,164.34164834019793,164.97093200683594,165.61019873881125,163.55255942155696,16406000,Upward,2024-10-16
GOOGL,165.54026682623436,162.74346923828125,166.179533539939,162.5736656844729,21453400,Downward,2024-10-17
GOOGL,163.0031929718876,163.23292541503906,164.52145724074808,162.89331828319396,19757700,Upward,2024-10-18
GOOGL,162.76345865438103,163.88218688964844,164.3116873279236,162.43383459552447,20946500,Upward,2024-10-21
GOOGL,162.79342721641044,164.95095825195312,165.5802419476502,162.79342721641044,16568100,Upward,2024-10-22
GOOGL,164.57138759989343,162.59365844726562,165.63018698109346,161.74462537741965,18280500,Downward,2024-10-23
GOOGL,162.64359660721192,162.53372192382812,163.14302421507978,160.82567279873874,22412500,Downward,2024-10-24
GOOGL,163.48263605894513,165.080810546875,165.4004362996681,163.2329222477887,19828900,Upward,2024-10-25
GOOGL,168.55681917401554,166.52914428710938,168.55681917401554,163.76231104702376,32138600,Downward,2024-10-28
GOOGL,167.5379836387061,169.48574829101562,170.18495914581706,166.89871690047832,42169000,Upward,2024-10-29
GOOGL,180.47314972890098,174.26028442382812,181.8116272766613,173.86073320012326,68890800,Downward,2024-10-30
GOOGL,172.93181542068857,170.91412353515625,176.61759375547854,170.80424884729752,44769000,Downward,2024-10-31
GOOGL,169.87531325104803,171.09390258789062,172.1227374784499,168.68667310994414,31796500,Upward,2024-11-01
GOOGL,169.7354619545759,169.0462646484375,170.53454918701203,167.81766174152193,21492700,Downward,2024-11-04
GOOGL,169.2360421349021,169.5457000732422,170.33478903527796,168.64672117984685,18242100,Upward,2024-11-05
GOOGL,173.60104838470335,176.3079376220703,176.73745331219902,173.30138875645662,33695500,Upward,2024-11-06
GOOGL,177.20691786224168,180.5430908203125,180.87271488977294,176.9871684826014,25352900,Upward,2024-11-07
GOOGL,180.44319843386418,178.14584350585938,180.69291225137096,177.87614831538193,22006200,Downward,2024-11-08
GOOGL,178.37557658568522,180.1435546875,180.3433226939525,178.26570189593804,17450400,Upward,2024-11-11
GOOGL,179.61415166757834,181.41207885742188,182.28109325658866,179.18463600062077,25134900,Upward,2024-11-12
GOOGL,180.25342505699032,178.67523193359375,180.75285268181247,178.3356095653103,23184000,Downward,2024-11-13
GOOGL,178.0759037938209,175.37899780273438,178.6152941368307,174.12044573791286,31007500,Downward,2024-11-14
GOOGL,173.5311122159291,172.29254150390625,173.9406465119526,171.02399111342126,32504600,Downward,2024-11-15
GOOGL,173.2214668063966,175.0993194580078,175.23915857623498,172.70205783527248,20206600,Upward,2024-11-18
GOOGL,173.52113492372038,177.9160919189453,178.66523335503967,173.3613144261031,23434900,Upward,2024-11-19
GOOGL,177.13697761802752,175.77853393554688,177.47658472831748,173.58105554247194,18997100,Downward,2024-11-20
GOOGL,173.70092179220046,167.4381103515625,173.93066947333787,163.51260129552495,59734400,Downward,2024-11-21
GOOGL,165.66014438880168,164.57138061523438,166.26944668285782,163.7123645160949,38604600,Downward,2024-11-22
GOOGL,165.8998571680873,167.45806884765625,168.43695792128977,165.4204109377555,33135300,Upward,2024-11-25
GOOGL,167.43810706347386,168.9263916015625,169.62560245554164,167.38816125371517,20486700,Upward,2024-11-26
GOOGL,168.80653770105775,169.03627014160156,169.28598395476882,167.8276638210122,19266500,Upward,2024-11-27
GOOGL,168.30710998168675,168.756591796875,169.236038050321,166.96864760176737,14257200,Upward,2024-11-29
GOOGL,168.5767985152317,171.29368591308594,171.88300683066288,168.37703052095557,23789100,Upward,2024-12-02
GOOGL,171.29368202779142,171.1438446044922,172.4823069012363,170.65441531581507,22248700,Downward,2024-12-03
GOOGL,170.95406461457648,174.17037963867188,174.70976999200622,170.86417130279446,31615100,Upward,2024-12-04
GOOGL,175.15925501840792,172.44236755371094,175.858450636237,172.13272486876673,21356200,Downward,2024-12-05
GOOGL,171.83306973436635,174.510009765625,174.8795813358406,171.6632661685559,21462400,Upward,2024-12-06
GOOGL,173.9600067138672,175.3699951171875,176.25999450683594,173.64999389648438,25389600,Upward,2024-12-09
GOOGL,182.85000610351562,185.1699981689453,186.36000061035156,181.0500030517578,54813000,Upward,2024-12-10
GOOGL,185.30999755859375,195.39999389648438,195.61000061035156,184.85000610351562,67894100,Upward,2024-12-11
GOOGL,195,191.9600067138672,195.17999267578125,191.7100067138672,34817500,Downward,2024-12-12
GOOGL,191.00999450683594,189.82000732421875,192.72999572753906,189.63999938964844,25143500,Downward,2024-12-13
GOOGL,192.8699951171875,196.66000366210938,199,192.6199951171875,44934900,Upward,2024-12-16
GOOGL,197.25,195.4199981689453,201.4199981689453,194.97999572753906,43482900,Downward,2024-12-17
MSFT,432.1350187153662,428.31268310546875,432.48432563013114,425.24880857311865,17015800,Downward,2024-09-24
MSFT,428.9713514363913,431.2467956542969,432.25478780854195,427.7138891426906,13396400,Upward,2024-09-25
MSFT,434.2208424719693,430.4483947753906,434.4304144393862,428.27275694361356,14492000,Downward,2024-09-26
MSFT,430.6579556744764,427.1649475097656,430.98731349999593,426.6160584093853,14896100,Downward,2024-09-27
MSFT,427.3545779124989,429.4403991699219,429.5601850355194,424.5202548923187,16807300,Upward,2024-09-30
MSFT,427.59411732607174,419.849609375,427.6240561781871,417.9733600914629,19092900,Downward,2024-10-01
MSFT,421.735816910149,416.2967224121094,421.9753581830839,415.87754802693416,16582300,Downward,2024-10-02
MSFT,416.79573518966424,415.7079162597656,418.7118826868124,413.46241092439135,13686400,Downward,2024-10-03
MSFT,417.4044891108862,415.2288513183594,418.91148239103603,414.141032422096,19169700,Downward,2024-10-04
MSFT,415.16898000097916,408.7218933105469,416.27674799671047,408.1829635105781,20919800,Downward,2024-10-07
MSFT,410.0791746223265,413.8815612792969,414.8296757293512,407.3546475987459,19229300,Upward,2024-10-08
MSFT,415.0292278034618,416.62603759765625,419.5402177563071,413.47234662969106,14974300,Upward,2024-10-09
MSFT,414.4005410260384,415.0093078613281,416.5163012078428,412.3246790108455,13848400,Upward,2024-10-10
MSFT,415.30870917320357,415.48834228515625,416.2967217455578,412.42446778596707,14144900,Upward,2024-10-11
MSFT,416.93544552364324,418.302734375,423.1929399714268,416.6859449273295,16653100,Upward,2024-10-14
MSFT,421.33663401346166,417.90350341796875,421.6360529989684,414.4304746563672,18900200,Downward,2024-10-15
MSFT,414.34064286226896,415.2887268066406,415.5282376209468,409.66000947414466,15508900,Upward,2024-10-16
MSFT,421.5162601711392,415.8875427246094,421.65599512005826,414.7597951900465,14820000,Downward,2024-10-17
MSFT,416.30672505621476,417.3246765136719,418.81169030533886,415.4284780937268,17145300,Upward,2024-10-18
MSFT,415.28873052027103,417.94342041015625,418.1230535224922,412.92346983800354,14206100,Upward,2024-10-21
MSFT,417.65400492824705,426.656005859375,429.719850009177,417.20492213264845,25482200,Upward,2024-10-22
MSFT,429.99927448801196,423.7518005371094,430.2188362215334,421.68592837942305,19654400,Downward,2024-10-23
MSFT,424.48033834123805,423.8815612792969,425.1290642527003,421.55619868116815,13581600,Downward,2024-10-24
MSFT,425.9075007963015,427.2947082519531,431.6559737319955,425.7178779096375,16899100,Upward,2024-10-25
MSFT,430.79770276573566,425.7378234863281,431.0771422085262,425.44839427381163,14882400,Downward,2024-10-28
MSFT,427.14500621655657,431.0871276855469,432.3046917719988,424.94938886176953,17644100,Upward,2024-10-29
MSFT,436.566149775902,431.66595458984375,437.6240298288107,431.2368208895649,29749100,Downward,2024-10-30
MSFT,414.53024968400064,405.53826904296875,415.3286698537771,405.4883506505116,53971000,Downward,2024-10-31
MSFT,408.1929633155515,409.55023193359375,414.669989017628,406.6859699751707,24230400,Upward,2024-11-01
MSFT,408.98136250106245,407.64404296875,409.6001495592508,404.75983193250556,19672300,Downward,2024-11-04
MSFT,407.55420745470553,410.6380310058594,414.0711614645437,407.26477825056725,17626000,Upward,2024-11-05
MSFT,411.5961294118678,419.3406066894531,419.6100868075599,409.6999006422783,26681800,Upward,2024-11-06
MSFT,420.4384354335317,424.58013916015625,425.997315920461,419.041238212776,19901800,Upward,2024-11-07
MSFT,424.4703681752109,421.6959228515625,425.6480036424066,420.9374313170091,16891400,Downward,2024-11-08
MSFT,421.67592700377526,417.1749572753906,423.9613608320793,415.16896287691225,24503300,Downward,2024-11-11
MSFT,417.41448646778457,422.1849365234375,423.59212350380113,416.3665961739424,19401200,Upward,2024-11-12
MSFT,420.7977304833057,424.3506164550781,428.4723406260961,417.37455923502137,21502200,Upward,2024-11-13
MSFT,424.1509924128195,426.0372314453125,427.3146732159619,419.1609807373746,30246900,Upward,2024-11-14
MSFT,418.981368798022,414.1709899902344,421.95539641463347,412.8137213651046,28247600,Downward,2024-11-15
MSFT,414.04123715109023,414.9294738769531,417.56418428856415,411.27678155870234,24742000,Upward,2024-11-18
MSFT,412.28473963430486,416.9554138183594,417.10510808078726,410.727858391825,18133500,Upward,2024-11-19
MSFT,416.0372212157148,414.65997314453125,416.4563955899673,409.7597781109004,19191700,Downward,2024-11-20
MSFT,419.5,412.8699951171875,419.7799987792969,410.2900085449219,20780200,Downward,2024-11-21
MSFT,411.3699951171875,417,417.3999938964844,411.05999755859375,24814600,Upward,2024-11-22
MSFT,418.3800048828125,418.7900085449219,421.0799865722656,414.8500061035156,27691100,Upward,2024-11-25
MSFT,419.5899963378906,427.989990234375,429.0400085449219,418.8500061035156,23458900,Upward,2024-11-26
MSFT,425.1099853515625,422.989990234375,427.2300109863281,422.0199890136719,18332400,Downward,2024-11-27
MSFT,420.0899963378906,423.4599914550781,424.8800048828125,417.79998779296875,16271900,Upward,2024-11-29
MSFT,421.57000732421875,430.9800109863281,433,421.30999755859375,20207200,Upward,2024-12-02
MSFT,429.8399963378906,431.20001220703125,432.4700012207031,427.739990234375,18302000,Upward,2024-12-03
MSFT,433.0299987792969,437.4200134277344,439.6700134277344,432.6300048828125,26009400,Upward,2024-12-04
MSFT,437.9200134277344,442.6199951171875,444.6600036621094,436.1700134277344,21697800,Upward,2024-12-05
MSFT,442.29998779296875,443.57000732421875,446.1000061035156,441.7699890136719,18821000,Upward,2024-12-06
MSFT,442.6000061035156,446.0199890136719,448.3299865722656,440.5,19144400,Upward,2024-12-09
MSFT,444.3900146484375,443.3299865722656,449.6199951171875,441.6000061035156,18469500,Downward,2024-12-10
MSFT,444.04998779296875,448.989990234375,450.3500061035156,444.04998779296875,19200200,Upward,2024-12-11
MSFT,449.1099853515625,449.55999755859375,456.1600036621094,449.1099853515625,20834800,Upward,2024-12-12
MSFT,448.44000244140625,447.2699890136719,451.42999267578125,445.5799865722656,20177800,Downward,2024-12-13
MSFT,447.2699890136719,451.5899963378906,452.17999267578125,445.2799987792969,23598800,Upward,2024-12-16
MSFT,451.010009765625,454.4599914550781,455.2900085449219,449.57000732421875,22716300,Upward,2024-12-17
TSLA,254.0800018310547,254.27000427246094,257.19000244140625,249.0500030517578,88491000,Upward,2024-09-24
TSLA,252.5399932861328,257.0199890136719,257.04998779296875,252.27999877929688,65034300,Upward,2024-09-25
TSLA,260.6000061035156,254.22000122070312,261.75,251.52999877929688,67142200,Downward,2024-09-26
TSLA,257.3800048828125,260.4599914550781,260.70001220703125,254.1199951171875,70988100,Upward,2024-09-27
TSLA,259.0400085449219,261.6300048828125,264.8599853515625,255.77000427246094,80705700,Upward,2024-09-30
TSLA,262.6700134277344,258.0199890136719,263.9800109863281,248.52999877929688,87397600,Downward,2024-10-01
TSLA,247.5500030517578,249.02000427246094,251.16000366210938,241.5,93983900,Upward,2024-10-02
TSLA,244.47999572753906,240.66000366210938,249.7899932861328,237.80999755859375,80729200,Downward,2024-10-03
TSLA,246.69000244140625,250.0800018310547,250.9600067138672,244.5800018310547,86573200,Upward,2024-10-04
TSLA,249,240.8300018310547,249.8300018310547,240.6999969482422,68113300,Downward,2024-10-07
TSLA,243.55999755859375,244.5,246.2100067138672,240.55999755859375,56303200,Upward,2024-10-08
TSLA,243.82000732421875,241.0500030517578,247.42999267578125,239.50999450683594,66289500,Downward,2024-10-09
TSLA,241.80999755859375,238.77000427246094,242.7899932861328,232.33999633789062,83087100,Downward,2024-10-10
TSLA,220.1300048828125,217.8000030517578,223.33999633789062,214.3800048828125,142628900,Downward,2024-10-11
TSLA,220.1300048828125,219.16000366210938,221.91000366210938,213.74000549316406,86291900,Downward,2024-10-14
TSLA,220.00999450683594,219.57000732421875,224.25999450683594,217.1199951171875,62988800,Downward,2024-10-15
TSLA,221.39999389648438,221.3300018310547,222.82000732421875,218.92999267578125,49632800,Downward,2024-10-16
TSLA,221.58999633789062,220.88999938964844,222.0800018310547,217.89999389648438,50791800,Downward,2024-10-17
TSLA,220.7100067138672,220.6999969482422,222.27999877929688,219.22999572753906,49611900,Downward,2024-10-18
TSLA,218.89999389648438,218.85000610351562,220.47999572753906,215.72999572753906,47329000,Downward,2024-10-21
TSLA,217.30999755859375,217.97000122070312,218.22000122070312,215.25999450683594,43268700,Upward,2024-10-22
TSLA,217.1300048828125,213.64999389648438,218.72000122070312,212.11000061035156,80938900,Downward,2024-10-23
TSLA,244.67999267578125,260.4800109863281,262.1199951171875,242.64999389648438,204491900,Upward,2024-10-24
TSLA,256.010009765625,269.19000244140625,269.489990234375,255.32000732421875,161611900,Upward,2024-10-25
TSLA,270,262.510009765625,273.5400085449219,262.239990234375,107653600,Downward,2024-10-28
TSLA,264.510009765625,259.5199890136719,264.9800109863281,255.50999450683594,80521800,Downward,2024-10-29
TSLA,258.0400085449219,257.54998779296875,263.3500061035156,255.82000732421875,53993600,Downward,2024-10-30
TSLA,257.989990234375,249.85000610351562,259.75,249.25,66575300,Downward,2024-10-31
TSLA,252.0399932861328,248.97999572753906,254,246.6300048828125,57544800,Downward,2024-11-01
TSLA,244.55999755859375,242.83999633789062,248.89999389648438,238.8800048828125,68802400,Downward,2024-11-04
TSLA,247.33999633789062,251.44000244140625,255.27999877929688,246.2100067138672,69282500,Upward,2024-11-05
TSLA,284.6700134277344,288.5299987792969,289.5899963378906,275.6199951171875,165228700,Upward,2024-11-06
TSLA,288.8900146484375,296.9100036621094,299.75,285.5199890136719,117309200,Upward,2024-11-07
TSLA,299.1400146484375,321.2200012207031,328.7099914550781,297.6600036621094,204782800,Upward,2024-11-08
TSLA,346.29998779296875,350,358.6400146484375,336,210521600,Upward,2024-11-11
TSLA,342.739990234375,328.489990234375,345.8399963378906,323.30999755859375,155726000,Downward,2024-11-12
TSLA,335.8500061035156,330.239990234375,344.6000061035156,322.5,125405600,Downward,2024-11-13
TSLA,327.69000244140625,311.17999267578125,329.9800109863281,310.3699951171875,120726100,Downward,2024-11-14
TSLA,310.57000732421875,320.7200012207031,324.67999267578125,309.2200012207031,114440300,Upward,2024-11-15
TSLA,340.7300109863281,338.739990234375,348.54998779296875,330.010009765625,126547500,Downward,2024-11-18
TSLA,335.760009765625,346,347.3800048828125,332.75,88852500,Upward,2024-11-19
TSLA,345,342.0299987792969,346.6000061035156,334.29998779296875,66340700,Downward,2024-11-20
TSLA,343.80999755859375,339.6400146484375,347.989990234375,335.2799987792969,58011700,Downward,2024-11-21
TSLA,341.0899963378906,352.55999755859375,361.5299987792969,337.70001220703125,89140700,Upward,2024-11-22
TSLA,360.1400146484375,338.5899963378906,361.92999267578125,338.20001220703125,95890900,Downward,2024-11-25
TSLA,341,338.2300109863281,346.9599914550781,335.6600036621094,62295900,Downward,2024-11-26
TSLA,341.79998779296875,332.8900146484375,342.54998779296875,326.5899963378906,57896400,Downward,2024-11-27
TSLA,336.0799865722656,345.1600036621094,345.45001220703125,334.6499938964844,37167600,Upward,2024-11-29
TSLA,352.3800048828125,357.0899963378906,360,351.1499938964844,77986500,Upward,2024-12-02
TSLA,351.79998779296875,351.4200134277344,355.69000244140625,348.20001220703125,58267200,Downward,2024-12-03
TSLA,353,357.92999267578125,358.1000061035156,348.6000061035156,50810900,Upward,2024-12-04
TSLA,359.8699951171875,369.489990234375,375.42999267578125,359.5,81403600,Upward,2024-12-05
TSLA,377.4200134277344,389.2200012207031,389.489990234375,370.79998779296875,81455800,Upward,2024-12-06
TSLA,397.6099853515625,389.7900085449219,404.79998779296875,378.010009765625,96359200,Downward,2024-12-09
TSLA,392.67999267578125,400.989990234375,409.7300109863281,390.8500061035156,97563600,Upward,2024-12-10
TSLA,409.70001220703125,424.7699890136719,424.8800048828125,402.3800048828125,104287600,Upward,2024-12-11
TSLA,424.8399963378906,418.1000061035156,429.29998779296875,415,87752200,Downward,2024-12-12
TSLA,420,436.2300109863281,436.29998779296875,415.7099914550781,89000200,Upward,2024-12-13
TSLA,441.0899963378906,463.0199890136719,463.19000244140625,436.1499938964844,114083800,Upward,2024-12-16
TSLA,475.8999938964844,479.8599853515625,483.989990234375,457.510009765625,130268400,Upward,2024-12-17
AMZN,194.27000427246094,193.9600067138672,195.3699951171875,190.1300048828125,43478900,Downward,2024-09-24
AMZN,193.75,192.52999877929688,193.9499969482422,192.16000366210938,26391100,Downward,2024-09-25
AMZN,194.30999755859375,191.16000366210938,194.52999877929688,189.5399932861328,36334900,Downward,2024-09-26
AMZN,190.67999267578125,187.97000122070312,190.89999389648438,187.33999633789062,36002300,Downward,2024-09-27
AMZN,187.13999938964844,186.3300018310547,188.49000549316406,184.64999389648438,41583900,Downward,2024-09-30
AMZN,184.89999389648438,185.1300048828125,186.19000244140625,183.4499969482422,36044900,Upward,2024-10-01
AMZN,184.44000244140625,184.75999450683594,186.60000610351562,184.0399932861328,23704100,Upward,2024-10-02
AMZN,183.0500030517578,181.9600067138672,183.44000244140625,180.8800048828125,30204300,Downward,2024-10-03
AMZN,185.75,186.50999450683594,187.60000610351562,183.60000610351562,40890300,Upward,2024-10-04
AMZN,182.9499969482422,180.8000030517578,183.60000610351562,180.25,42364200,Downward,2024-10-07
AMZN,181.9199981689453,182.72000122070312,183.08999633789062,180.9199981689453,26372100,Upward,2024-10-08
AMZN,182.82000732421875,185.1699981689453,185.85000610351562,182.0500030517578,26343100,Upward,2024-10-09
AMZN,187.1300048828125,186.64999389648438,188.1300048828125,185.8300018310547,27785000,Downward,2024-10-10
AMZN,186.6300048828125,188.82000732421875,189.92999267578125,186.3000030517578,25751600,Upward,2024-10-11
AMZN,189.77999877929688,187.5399932861328,189.8300018310547,187.36000061035156,22614400,Downward,2024-10-14
AMZN,187.6300048828125,187.69000244140625,188.41000366210938,184.5800018310547,32178900,Upward,2024-10-15
AMZN,187.0500030517578,186.88999938964844,187.77999877929688,185.61000061035156,23456800,Downward,2024-10-16
AMZN,188.22000122070312,187.52999877929688,188.94000244140625,186,25039400,Downward,2024-10-17
AMZN,187.14999389648438,188.99000549316406,190.74000549316406,186.27999877929688,37417700,Upward,2024-10-18
AMZN,188.0500030517578,189.07000732421875,189.4600067138672,186.39999389648438,24639400,Upward,2024-10-21
AMZN,188.35000610351562,189.6999969482422,191.52000427246094,186.97999572753906,29650600,Upward,2024-10-22
AMZN,188.85000610351562,184.7100067138672,189.16000366210938,183.69000244140625,31937100,Downward,2024-10-23
AMZN,185.25,186.3800048828125,187.11000061035156,183.86000061035156,21647400,Upward,2024-10-24
AMZN,187.85000610351562,187.8300018310547,190.4499969482422,187.52999877929688,29362100,Downward,2024-10-25
AMZN,189.57000732421875,188.38999938964844,190.2100067138672,188.2100067138672,27930800,Downward,2024-10-28
AMZN,188.5800018310547,190.8300018310547,191.4600067138672,187.82000732421875,35690200,Upward,2024-10-29
AMZN,194.6999969482422,192.72999572753906,195.61000061035156,192.4199981689453,37707600,Downward,2024-10-30
AMZN,190.50999450683594,186.39999389648438,190.60000610351562,185.22999572753906,75146800,Downward,2024-10-31
AMZN,199,197.92999267578125,200.5,197.02000427246094,99687800,Downward,2024-11-01
AMZN,196.4499969482422,195.77999877929688,197.3300018310547,194.30999755859375,38492100,Downward,2024-11-04
AMZN,196.0399932861328,199.5,199.82000732421875,195.99000549316406,30564800,Upward,2024-11-05
AMZN,200.00999450683594,207.08999633789062,207.5500030517578,199.13999938964844,72292200,Upward,2024-11-06
AMZN,207.44000244140625,210.0500030517578,212.25,207.19000244140625,52878400,Upward,2024-11-07
AMZN,209.72000122070312,208.17999267578125,209.9600067138672,207.44000244140625,36075800,Downward,2024-11-08
AMZN,208.5,206.83999633789062,209.64999389648438,205.58999633789062,35456000,Downward,2024-11-11
AMZN,208.3699951171875,208.91000366210938,209.5399932861328,206.00999450683594,38942900,Upward,2024-11-12
AMZN,209.39999389648438,214.10000610351562,215.08999633789062,209.13999938964844,46212900,Upward,2024-11-13
AMZN,214.16000366210938,211.47999572753906,215.89999389648438,210.8800048828125,42620300,Downward,2024-11-14
AMZN,206.75999450683594,202.61000061035156,207.33999633789062,199.61000061035156,86591100,Downward,2024-11-15
AMZN,204.14999389648438,201.6999969482422,204.6699981689453,200.9499969482422,36512500,Downward,2024-11-18
AMZN,199.3300018310547,204.61000061035156,205.3000030517578,198.77999877929688,31197900,Upward,2024-11-19
AMZN,202.97999572753906,202.8800048828125,203.1300048828125,199.4499969482422,32769000,Downward,2024-11-20
AMZN,203.49000549316406,198.3800048828125,203.49000549316406,195.75,58800000,Downward,2024-11-21
AMZN,198.25,197.1199951171875,199.25999450683594,196.75,31530800,Downward,2024-11-22
AMZN,199.27999877929688,201.4499969482422,201.9499969482422,199,40685700,Upward,2024-11-25
AMZN,201.89999389648438,207.86000061035156,208,201.7899932861328,41673700,Upward,2024-11-26
AMZN,206.97999572753906,205.74000549316406,207.63999938964844,205.0500030517578,28061600,Downward,2024-11-27
AMZN,205.8300018310547,207.88999938964844,208.1999969482422,204.58999633789062,24892400,Upward,2024-11-29
AMZN,209.9600067138672,210.7100067138672,212.99000549316406,209.50999450683594,39523200,Upward,2024-12-02
AMZN,210.30999755859375,213.44000244140625,214.02000427246094,209.64999389648438,32214800,Upward,2024-12-03
AMZN,215.9600067138672,218.16000366210938,220,215.75,48745700,Upward,2024-12-04
AMZN,218.02999877929688,220.5500030517578,222.14999389648438,217.3000030517578,41140200,Upward,2024-12-05
AMZN,220.75,227.02999877929688,227.14999389648438,220.60000610351562,44178100,Upward,2024-12-06
AMZN,227.2100067138672,226.08999633789062,230.0800018310547,225.6699981689453,46819400,Downward,2024-12-09
AMZN,226.08999633789062,225.0399932861328,229.05999755859375,224.1999969482422,31199900,Downward,2024-12-10
AMZN,226.41000366210938,230.25999450683594,231.1999969482422,226.25999450683594,35385800,Upward,2024-12-11
AMZN,229.8300018310547,228.97000122070312,231.08999633789062,227.6300048828125,28204100,Downward,2024-12-12
AMZN,228.39999389648438,227.4600067138672,230.1999969482422,225.86000061035156,28768100,Downward,2024-12-13
AMZN,230.22999572753906,232.92999267578125,233,228.00999450683594,37552100,Upward,2024-12-16
AMZN,232.38999938964844,231.14999389648438,232.72999572753906,227.85000610351562,35918500,Downward,2024-12-17
